{
  "public/assets/vendors/codemirror/shell.js": 1772545134.00198,
  "public/assets/vendors/codemirror/codemirror.js": 1772545134.0016727,
  "public/assets/vendors/codemirror/javascript.js": 1772545134.0018399,
  "public/assets/vendors/typeahead.js/typeahead.bundle.min.js": 1772545134.019021,
  "public/assets/vendors/chart.js/chart.umd.js": 1772545134.0005512,
  "public/assets/vendors/js/vendor.bundle.base.js": 1772545134.0067925,
  "public/assets/vendors/owl-carousel-2/owl.carousel.min.js": 1772545134.0161169,
  "public/assets/vendors/bootstrap-datepicker/bootstrap-datepicker.min.js": 1772545134.0000381,
  "public/assets/vendors/jquery-file-upload/jquery.uploadfile.min.js": 1772545134.0058908,
  "public/assets/vendors/pwstabs/jquery.pwstabs.min.js": 1772545134.0166445,
  "public/assets/vendors/select2/select2.min.js": 1772545134.0172398,
  "public/assets/js/todolist.js": 1772545133.9995441,
  "public/assets/js/typeahead.js": 1772545133.9996324,
  "public/assets/js/codemirror.js": 1772545133.998226,
  "public/assets/js/jquery-file-upload.js": 1772545133.9987764,
  "public/assets/js/chart.js": 1772545133.998129,
  "public/assets/js/misc.js": 1772545133.9991395,
  "public/assets/js/off-canvas.js": 1772545133.9992332,
  "public/assets/js/dashboard-dark.js": 1772545133.9984112,
  "public/assets/js/file-upload.js": 1772545133.9986823,
  "public/assets/js/select2.js": 1772545133.9993231,
  "public/assets/js/dashboard.js": 1772545133.9985893,
  "public/assets/js/jquery.cookie.js": 1772545133.9990125,
  "public/assets/js/settings.js": 1772545133.9994462,
  "src/main.ts": 1772545134.0408494,
  "src/typings.d.ts": 1772545134.041308,
  "src/app/app.routes.ts": 1772545134.0281723,
  "src/app/app.component.spec.ts": 1772545134.0278418,
  "src/app/app.component.ts": 1772545134.027956,
  "src/app/app.config.ts": 1772545134.0280552,
  "src/app/intervention/planning/planning.component.ts": 1772545134.035195,
  "src/app/intervention/planning/planning.component.spec.ts": 1772545134.0350132,
  "src/app/intervention/details/details.component.ts": 1772545134.0316849,
  "src/app/intervention/details/details.component.spec.ts": 1772545134.0315008,
  "src/app/intervention/modal-save/modal-save.component.spec.ts": 1772545134.0342917,
  "src/app/intervention/modal-save/modal-save.component.ts": 1772545134.0344567,
  "src/app/intervention/edit/edit/edit.component.ts": 1772545134.0333545,
  "src/app/intervention/edit/edit/edit.component.spec.ts": 1772545134.0332484,
  "src/app/intervention/edit/components/etape1/etape1.component.spec.ts": 1772545134.0322652,
  "src/app/intervention/edit/components/etape1/etape1.component.ts": 1772545134.0323768,
  "src/app/intervention/edit/components/etape2/etape2.component.ts": 1772545134.0329554,
  "src/app/intervention/edit/components/etape2/etape2.component.spec.ts": 1772545134.0327344,
  "src/app/intervention/list/list.component.spec.ts": 1772545134.0338378,
  "src/app/intervention/list/list.component.ts": 1772545134.0339525,
  "src/app/intervention/choix-intervention/choix-intervention.component.ts": 1772545134.0310879,
  "src/app/intervention/choix-intervention/choix-intervention.component.spec.ts": 1772545134.0309978,
  "src/app/annuaire/details/details.component.ts": 1772545134.0265098,
  "src/app/annuaire/details/details.component.spec.ts": 1772545134.0263045,
  "src/app/annuaire/modal-save/modal-save.component.spec.ts": 1772545134.0273156,
  "src/app/annuaire/modal-save/modal-save.component.ts": 1772545134.027443,
  "src/app/annuaire/list/list.component.spec.ts": 1772545134.026875,
  "src/app/annuaire/list/list.component.ts": 1772545134.0269706,
  "src/app/auth/register/register.component.spec.ts": 1772545134.0294504,
  "src/app/auth/register/register.component.ts": 1772545134.029609,
  "src/app/auth/login/login.component.spec.ts": 1772545134.0287957,
  "src/app/auth/login/login.component.ts": 1772545134.028898,
  "src/app/layout/components/sidebar/sidebar.component.ts": 1772545134.036768,
  "src/app/layout/components/sidebar/sidebar.component.spec.ts": 1772545134.036679,
  "src/app/layout/components/navbar/navbar.component.ts": 1776242636.3890471,
  "src/app/layout/components/navbar/navbar.component.spec.ts": 1772545134.0361142,
  "src/app/layout/components/copyright/copyright.component.spec.ts": 1772545134.035724,
  "src/app/layout/components/copyright/copyright.component.ts": 1772545134.0358117,
  "src/app/layout/main-layout/main-layout.component.ts": 1772545134.0373092,
  "src/app/layout/main-layout/main-layout.component.spec.ts": 1772545134.0372198,
  "src/app/techniciens/edit/edit.component.ts": 1772547925.7838697,
  "src/app/techniciens/edit/edit.component.spec.ts": 1772545134.0387802,
  "src/app/techniciens/list/list.component.spec.ts": 1772545134.0399404,
  "src/app/techniciens/list/list.component.ts": 1772545134.0400524,
  "src/app/techniciens/equipe/equipe.component.spec.ts": 1772545134.0393813,
  "src/app/techniciens/equipe/equipe.component.ts": 1772545134.0394783,
  "src/app/_globale/shared/date.service.ts": 1772545134.0194921,
  "src/app/_globale/shared/shared.module.ts": 1772545134.0195835,
  "src/app/dashboard/dashboard.component.spec.ts": 1772545134.0300448,
  "src/app/dashboard/dashboard.component.ts": 1772545134.0301778,
  "src/app/_services/multi-step-form.service.ts": 1772545134.0223362,
  "src/app/_services/auth.service.ts": 1772545134.0207422,
  "src/app/_services/clients/agences.service.ts": 1772545134.0211995,
  "src/app/_services/clients/adresse-email.service.ts": 1772545134.0209708,
  "src/app/_services/clients/secteur.service.ts": 1772545134.0219676,
  "src/app/_services/clients/num-tel.service.ts": 1772545134.0216343,
  "src/app/_services/clients/clients.service.ts": 1772545134.021306,
  "src/app/_services/clients/organisations.service.ts": 1772545134.0217552,
  "src/app/_services/clients/contacts.service.ts": 1772545134.0214067,
  "src/app/_services/clients/adresses.service.ts": 1772545134.0210893,
  "src/app/_services/clients/particuliers.service.ts": 1772545134.0218594,
  "src/app/_services/clients/habitation.service.ts": 1772545134.0215213,
  "src/app/_services/techniciens/equipe-techniciens.service.ts": 1772545134.022711,
  "src/app/_services/techniciens/technicien.service.ts": 1772545134.0228071,
  "src/app/_services/affaires/planning.service.ts": 1772545134.020632,
  "src/app/_services/affaires/dashboard.service.ts": 1772545134.0201283,
  "src/app/_services/affaires/intervention-form.service.ts": 1772545134.0202315,
  "src/app/_services/affaires/affaires.service.ts": 1772545134.0200348,
  "src/app/_services/affaires/intervention.service.ts": 1772545134.020422,
  "src/app/_services/referents/referents.service.spec.ts": 1772545134.0224664,
  "src/app/_services/referents/referents.service.ts": 1772545134.0225573,
  "src/app/_services/fichiers/fichiers.service.ts": 1772545134.02225,
  "src/app/_services/fichiers/fichiers.service.spec.ts": 1772545134.022147,
  "src/app/affaires/edit/edit/edit.component.ts": 1772545134.025352,
  "src/app/affaires/edit/edit/edit.component.spec.ts": 1772545134.0252075,
  "src/app/affaires/edit/components/etape1/etape1.component.spec.ts": 1772545134.0234134,
  "src/app/affaires/edit/components/etape1/etape1.component.ts": 1772545134.023661,
  "src/app/affaires/edit/components/etape2/etape2.component.ts": 1772545134.0242314,
  "src/app/affaires/edit/components/etape2/etape2.component.spec.ts": 1772545134.024125,
  "src/app/affaires/edit/components/etape3/etape3.component.ts": 1772545134.0248704,
  "src/app/affaires/edit/components/etape3/etape3.component.spec.ts": 1772545134.0247324,
  "src/app/affaires/list/list.component.spec.ts": 1772545134.0257149,
  "src/app/affaires/list/list.component.ts": 1772545134.0258424,
  "src/app/referents/edit/edit.component.ts": 1772545134.0378628,
  "src/app/referents/edit/edit.component.spec.ts": 1772545134.0377445,
  "src/app/referents/list/list.component.spec.ts": 1772545134.0382135,